party,partyLabel,colorLabel
http://www.wikidata.org/entity/Q16970239,4 Freedoms Party,cobalt blue
http://www.wikidata.org/entity/Q4656076,A Connecticut Party,light orange
http://www.wikidata.org/entity/Q2746868,Abertzaleen Batasuna,burgundy
http://www.wikidata.org/entity/Q24083585,Abolish the Welsh Assembly Party,brighter dark red
http://www.wikidata.org/entity/Q4672493,Accessibility without Exclusion,steel blue
http://www.wikidata.org/entity/Q3088445,Action Front for Renewal and Development,crimson
http://www.wikidata.org/entity/Q776352,African Party for the Independence of Guinea and Cape Verde,red
http://www.wikidata.org/entity/Q3366175,Afrikaner Party,Bondi blue
http://www.wikidata.org/entity/Q388064,Afro-Shirazi Party,red
http://www.wikidata.org/entity/Q12076620,Agrarian Party of Ukraine,green
http://www.wikidata.org/entity/Q42715155,Agreement,Blue (CMYK) (pigment blue)
http://www.wikidata.org/entity/Q4693911,Agricultural Party,sandy brown
http://www.wikidata.org/entity/Q1800818,Al Wefaq,blue
http://www.wikidata.org/entity/Q3269564,All Ceylon Tamil Congress,yellow
http://www.wikidata.org/entity/Q48733388,All India Mahila Empowerment Party,lithopone white
http://www.wikidata.org/entity/Q48733388,All India Mahila Empowerment Party,white
http://www.wikidata.org/entity/Q4728969,All India Minorities Front,cyan
http://www.wikidata.org/entity/Q912899,All India Trinamool Congress,green
http://www.wikidata.org/entity/Q4729085,All Mon Region Democracy Party,crimson
http://www.wikidata.org/entity/Q4729243,All Party Alliance,fallow
http://www.wikidata.org/entity/Q4729243,All Party Alliance,camel
http://www.wikidata.org/entity/Q385749,All People's Congress,red
http://www.wikidata.org/entity/Q4729271,All Progressives Grand Alliance,scarlet
http://www.wikidata.org/entity/Q4729271,All Progressives Grand Alliance,Q12901869
http://www.wikidata.org/entity/Q2515030,Alliance Party,cornflower blue
http://www.wikidata.org/entity/Q3625443,Alliance for Change,light orange
http://www.wikidata.org/entity/Q178216,Alliance for Italy,baby blue
http://www.wikidata.org/entity/Q1265971,Alliance for the Future of Kosovo,ice blue
http://www.wikidata.org/entity/Q4732427,Alliance for the Republic,purple
http://www.wikidata.org/entity/Q2838226,Alliance for the Republic,sepia
http://www.wikidata.org/entity/Q200599,Alliance of Free Democrats,Maya Blue
http://www.wikidata.org/entity/Q2217942,Alliance of the Forces of Progress,navy blue
http://www.wikidata.org/entity/Q18618872,Alternative Faso,light orange
http://www.wikidata.org/entity/Q255650,Alternative Left,carmine
http://www.wikidata.org/entity/Q4739845,Amani Alliance,yellow
http://www.wikidata.org/entity/Q465904,American Nazi Party,brown
http://www.wikidata.org/entity/Q24263796,American Solidarity Party,orange
http://www.wikidata.org/entity/Q16828185,An Independence from Europe,purple
http://www.wikidata.org/entity/Q4750985,Anakpawis,crimson
http://www.wikidata.org/entity/Q9010239,Andalusian Left,red
http://www.wikidata.org/entity/Q2662810,Andorra for Change,navy blue
http://www.wikidata.org/entity/Q4763973,Anguilla Democratic Party,gold
http://www.wikidata.org/entity/Q4765028,Animals First,yellow
http://www.wikidata.org/entity/Q4783206,Arab Liberation Movement,bronze
http://www.wikidata.org/entity/Q4783800,Arakan League for Democracy,Rosso corsa
http://www.wikidata.org/entity/Q24084539,Aranese Democratic Union,blue
http://www.wikidata.org/entity/Q17331110,Article 50,light orange
http://www.wikidata.org/entity/Q28464804,Association for Defence of Revolution Values,light orange
http://www.wikidata.org/entity/Q4809542,Association for the Advancement of Civil Rights,cobalt blue
http://www.wikidata.org/entity/Q3307624,Asturian Left,Mandarin orange
http://www.wikidata.org/entity/Q24582,Ata-Zhurt,blue
http://www.wikidata.org/entity/Q4823991,Australian Christians,Mandarin orange
http://www.wikidata.org/entity/Q17001022,Australian People's Party,burgundy
http://www.wikidata.org/entity/Q2735114,Authentic Radical Liberal Party,blue
http://www.wikidata.org/entity/Q4829781,Awami Workers Party,crimson
http://www.wikidata.org/entity/Q803681,Bahujan Samaj Party,blue
http://www.wikidata.org/entity/Q3130105,Balochistan National Party,yellow
http://www.wikidata.org/entity/Q28169518,Balochistan National Party Awami,salmon
http://www.wikidata.org/entity/Q8846575,Basque Socialist Party,dark red
http://www.wikidata.org/entity/Q22079661,Beehive Democratic Society Party,light orange
http://www.wikidata.org/entity/Q815276,Belarusian Social Democratic Party (Assembly),blood red
http://www.wikidata.org/entity/Q4882296,Belfast Labour Party,indian red
http://www.wikidata.org/entity/Q21996806,Belize Progressive Party,green
http://www.wikidata.org/entity/Q23941074,Bharath Dharma Jana Sena,light grey
http://www.wikidata.org/entity/Q10230,Bharatiya Janata Party,saffron
http://www.wikidata.org/entity/Q3595130,Bharatiya Lok Dal,blue
http://www.wikidata.org/entity/Q46885851,Bharatiya Tribal Party,red
http://www.wikidata.org/entity/Q4901292,Bharipa Bahujan Mahasangh,blue
http://www.wikidata.org/entity/Q2035999,Bhutan Peace and Prosperity Party,fulvous
http://www.wikidata.org/entity/Q4313243,Bhutan Peoples' Party,red
http://www.wikidata.org/entity/Q4907071,Bihar People's Party,red
http://www.wikidata.org/entity/Q859993,Biju Janata Dal,dark green
http://www.wikidata.org/entity/Q4915466,Biplobi Bangla Congress,red
http://www.wikidata.org/entity/Q6682525,Blue Party,blue
http://www.wikidata.org/entity/Q1450907,Bolivian Socialist Falange,cobalt blue
http://www.wikidata.org/entity/Q4940056,Bolshevik Party of India,red
http://www.wikidata.org/entity/Q4940058,"Bolshevik–Leninist Party of India, Ceylon and Burma",red
http://www.wikidata.org/entity/Q4947793,Boston Bypass Independents,yellow
http://www.wikidata.org/entity/Q15980784,Brazilian Labour Party,Rosso corsa
http://www.wikidata.org/entity/Q2054789,Brazilian Socialist Party,amber
http://www.wikidata.org/entity/Q4961800,Brentwood and Ongar Independent Conservative Party,white
http://www.wikidata.org/entity/Q4961800,Brentwood and Ongar Independent Conservative Party,lithopone white
http://www.wikidata.org/entity/Q161269,British National Party,dark blue
http://www.wikidata.org/entity/Q4970528,British National Party,navy blue
http://www.wikidata.org/entity/Q920153,British Socialist Party,red
http://www.wikidata.org/entity/Q920343,British Union of Fascists,navy blue
http://www.wikidata.org/entity/Q6063913,Broad Party of Socialist Left,red
http://www.wikidata.org/entity/Q4984256,Buddhist Liberal Democratic Party,light orange
http://www.wikidata.org/entity/Q2934607,Caledonia Together,robin egg blue
http://www.wikidata.org/entity/Q24908120,California National Party,gold
http://www.wikidata.org/entity/Q5025084,Cambio 90,light orange
http://www.wikidata.org/entity/Q5025162,Cambodian National Rescue Party,cobalt blue
http://www.wikidata.org/entity/Q953447,Cameroon People's Democratic Movement,Maya Blue
http://www.wikidata.org/entity/Q5053159,Catholic Election Action,azure
http://www.wikidata.org/entity/Q792293,Catholic Party,gold
http://www.wikidata.org/entity/Q5053222,Catholic Party,maroon
http://www.wikidata.org/entity/Q7887698,Cayman Democratic Party,dark blue
http://www.wikidata.org/entity/Q2945578,"Centre, Democracy and Progress",robin egg blue
http://www.wikidata.org/entity/Q5063123,Century 21,blue
http://www.wikidata.org/entity/Q277497,Ceylon Communist Party (Maoist),red
http://www.wikidata.org/entity/Q24949950,Ceylon Labour Party,red
http://www.wikidata.org/entity/Q3535341,Ceylon Workers' Congress,red
http://www.wikidata.org/entity/Q508898,Chadema,red
http://www.wikidata.org/entity/Q63645885,Chega,Blue (CMYK) (pigment blue)
http://www.wikidata.org/entity/Q7141116,Chilean Social Democracy Party,light orange
http://www.wikidata.org/entity/Q13063598,Chin Progressive Party,white
http://www.wikidata.org/entity/Q13063598,Chin Progressive Party,lithopone white
http://www.wikidata.org/entity/Q2037135,Christian Democracy,denim
http://www.wikidata.org/entity/Q815348,Christian Democracy,white
http://www.wikidata.org/entity/Q815348,Christian Democracy,lithopone white
http://www.wikidata.org/entity/Q13586836,Christian Democrat Party,purple
http://www.wikidata.org/entity/Q15890143,Christian Democratic Alliance,indigo
http://www.wikidata.org/entity/Q5109510,Christian Democratic Party,red
http://www.wikidata.org/entity/Q3140829,Christian Democratic Party of Uruguay,light orange
http://www.wikidata.org/entity/Q763974,Christian Democratic Union,lilac
http://www.wikidata.org/entity/Q5109960,Christian National Union,azure
http://www.wikidata.org/entity/Q5109956,Christian National Union for the Reconstruction of Haiti,yellow
http://www.wikidata.org/entity/Q1084016,Christlich Soziale Partei,light orange
http://www.wikidata.org/entity/Q2033977,Citizens' Action Party,gold
http://www.wikidata.org/entity/Q5122625,Citizens' Battle Against Corruption,amber
http://www.wikidata.org/entity/Q61362924,Citizens' Bloc 381,grey
http://www.wikidata.org/entity/Q2792033,Civic Choice,denim
http://www.wikidata.org/entity/Q2326957,Civic Coalition,teal
http://www.wikidata.org/entity/Q3182266,Civic Conservative Party,brighter dark red
http://www.wikidata.org/entity/Q1807830,Civic Democratic Alliance,cerulean
http://www.wikidata.org/entity/Q15859034,Civic Initiative for Kosovo,purple
http://www.wikidata.org/entity/Q4147532,Civil Position,gold
http://www.wikidata.org/entity/Q474074,Civilista Party,gold
http://www.wikidata.org/entity/Q5125815,Clann Éireann,forest green
http://www.wikidata.org/entity/Q15980908,Coalition of Social Justice and Democracy,red
http://www.wikidata.org/entity/Q1430823,Colorado Party,Venetian red
http://www.wikidata.org/entity/Q5153477,Common Sense Party,white
http://www.wikidata.org/entity/Q5153477,Common Sense Party,lithopone white
http://www.wikidata.org/entity/Q5153505,Common Wealth Party,coral
http://www.wikidata.org/entity/Q5153800,Commonwealth Labour Party,firebrick
http://www.wikidata.org/entity/Q3021536,Communist Labour Party,red
http://www.wikidata.org/entity/Q1787779,Communist Party in Denmark,red
http://www.wikidata.org/entity/Q2575731,Communist Party in Saudi Arabia,red
http://www.wikidata.org/entity/Q385665,Communist Party of Finland,dark red
http://www.wikidata.org/entity/Q592068,Communist Party of Great Britain,red
http://www.wikidata.org/entity/Q837159,Communist Party of India,red
http://www.wikidata.org/entity/Q234277,Communist Party of India (Marxist),red
http://www.wikidata.org/entity/Q1280685,Communist Party of Italy,Venetian red
http://www.wikidata.org/entity/Q495459,Communist Party of Korea,red
http://www.wikidata.org/entity/Q5154412,Communist Party of Kyrgyzstan,red
http://www.wikidata.org/entity/Q3896732,Communist Party of New Zealand,maroon
http://www.wikidata.org/entity/Q5154436,Communist Party of Peru – Red Fatherland,orange-red
http://www.wikidata.org/entity/Q2080724,Communist Party of Poland,Rosso corsa
http://www.wikidata.org/entity/Q5154443,Communist Party of Revolutionary Marxists,red
http://www.wikidata.org/entity/Q1751122,Communist Party of Slovakia,dark red
http://www.wikidata.org/entity/Q4574876,Communist Party of Sweden,brighter dark red
http://www.wikidata.org/entity/Q4574567,Communist Party of Sweden,maroon
http://www.wikidata.org/entity/Q1889194,Communist Party of Turkey (1920),red
http://www.wikidata.org/entity/Q1440633,Communist Party of the Free Territory of Trieste,red
http://www.wikidata.org/entity/Q5154523,Communist Workers' Party – For Peace and Socialism,red
http://www.wikidata.org/entity/Q5154751,Community Group,grey
http://www.wikidata.org/entity/Q3866578,Community Movement,purple
http://www.wikidata.org/entity/Q15980929,Community for Social Justice People's Party,Persian blue
http://www.wikidata.org/entity/Q18618861,Concordia Political Alliance,gold
http://www.wikidata.org/entity/Q1568357,Conference Party,gold
http://www.wikidata.org/entity/Q1460650,Congress for the Republic,green
http://www.wikidata.org/entity/Q1584987,Congress of the New Right,Blue (NCS)
http://www.wikidata.org/entity/Q1584987,Congress of the New Right,NCS blue
http://www.wikidata.org/entity/Q28136200,Congressional Arts Caucus,dark grey
http://www.wikidata.org/entity/Q5163022,Conservative Alliance of Zimbabwe,purple
http://www.wikidata.org/entity/Q2307833,Conservative Party,cobalt blue
http://www.wikidata.org/entity/Q5163060,Conservative Party,blue
http://www.wikidata.org/entity/Q15984928,Conservative Party,blue
http://www.wikidata.org/entity/Q3504357,Conservative Party,indigo
http://www.wikidata.org/entity/Q3646446,Conservative Party of Georgia,dark red
http://www.wikidata.org/entity/Q776414,Conservative Party of South Africa,gold
http://www.wikidata.org/entity/Q3896747,Constitutional Democratic Party (Italy),cornflower blue
http://www.wikidata.org/entity/Q5164299,Constitutional Party,red-violet
http://www.wikidata.org/entity/Q1422066,Constitutionalist Liberal Party,scarlet
http://www.wikidata.org/entity/Q1422066,Constitutionalist Liberal Party,Q12901869
http://www.wikidata.org/entity/Q5166233,Convention Muslim League,robin egg blue
http://www.wikidata.org/entity/Q1129392,Convention People's Party,Venetian red
http://www.wikidata.org/entity/Q2996341,Convention for a Progressive Alternative,red
http://www.wikidata.org/entity/Q5166938,Cook Islands National Party,blue
http://www.wikidata.org/entity/Q5177388,Country Party,salmon
http://www.wikidata.org/entity/Q1287076,Croatian Liberation Movement,red
http://www.wikidata.org/entity/Q24083594,Cross-Community Labour Alternative,indian red
http://www.wikidata.org/entity/Q5190145,Crusade of Romanianism,carmine
http://www.wikidata.org/entity/Q3366548,Czech National Socialist Party,dark blue
http://www.wikidata.org/entity/Q5201761,Czech Realist Party,cornflower blue
http://www.wikidata.org/entity/Q341148,Czech Social Democratic Party,Persimmon
http://www.wikidata.org/entity/Q2565151,Czechoslovak National Democracy,navy blue
http://www.wikidata.org/entity/Q23014499,DEMOS,baby blue
http://www.wikidata.org/entity/Q3678758,Daisy Civic List,baby blue
http://www.wikidata.org/entity/Q5219816,Danish Unity,royal blue
http://www.wikidata.org/entity/Q5255543,Democratic Alliance,crimson
http://www.wikidata.org/entity/Q2037506,Democratic Centre,robin egg blue
http://www.wikidata.org/entity/Q2728438,Democratic Change,yellow
http://www.wikidata.org/entity/Q530916,Democratic European Force,robin egg blue
http://www.wikidata.org/entity/Q673339,Democratic Labor Party,teal
http://www.wikidata.org/entity/Q5255632,Democratic Labour Party,light orange
http://www.wikidata.org/entity/Q5255634,Democratic Labour Party,Alizarin crimson
http://www.wikidata.org/entity/Q956182,Democratic Labour Party,gold
http://www.wikidata.org/entity/Q1128823,Democratic Left,orange-red
http://www.wikidata.org/entity/Q1186195,Democratic Left Movement,red
http://www.wikidata.org/entity/Q3366682,Democratic Leftwing Republican Party,red
http://www.wikidata.org/entity/Q852402,Democratic Liberal Party,light orange
http://www.wikidata.org/entity/Q1322751,Democratic Movement Party,sea green
http://www.wikidata.org/entity/Q5255661,Democratic National Initiative,fuchsia
http://www.wikidata.org/entity/Q5255661,Democratic National Initiative,magenta
http://www.wikidata.org/entity/Q2891183,Democratic National Salvation Front,purple
http://www.wikidata.org/entity/Q3073267,Democratic Party,purple
http://www.wikidata.org/entity/Q14943188,Democratic Party,purple
http://www.wikidata.org/entity/Q25338957,Democratic Party,light orange
http://www.wikidata.org/entity/Q5559969,Democratic Party,green
http://www.wikidata.org/entity/Q2067217,Democratic Party,Rosso corsa
http://www.wikidata.org/entity/Q2212488,Democratic Party,red
http://www.wikidata.org/entity/Q780158,Democratic Party,blue-gray
http://www.wikidata.org/entity/Q5255701,Democratic Party,white
http://www.wikidata.org/entity/Q5255701,Democratic Party,lithopone white
http://www.wikidata.org/entity/Q1277089,Democratic Party,NCS yellow
http://www.wikidata.org/entity/Q1783440,Democratic Party,apple green
http://www.wikidata.org/entity/Q15984909,Democratic Party of Chile,navy blue
http://www.wikidata.org/entity/Q1819658,Democratic Party of the Atlantic,blue
http://www.wikidata.org/entity/Q23073946,Democratic Peasants' Party,lithopone white
http://www.wikidata.org/entity/Q23073946,Democratic Peasants' Party,white
http://www.wikidata.org/entity/Q3533570,Democratic People's Front,red
http://www.wikidata.org/entity/Q18615415,Democratic Progress Party,red
http://www.wikidata.org/entity/Q3555896,Democratic Renewal,azure
http://www.wikidata.org/entity/Q3775933,Democratic Renewal,gold
http://www.wikidata.org/entity/Q3326675,Democratic Republican Movement,grey
http://www.wikidata.org/entity/Q1226100,Democratic Social Movement,orange
http://www.wikidata.org/entity/Q5255823,Democratic Socialist Movement,red
http://www.wikidata.org/entity/Q6064268,Democratic Socialist Radical Party,purple
http://www.wikidata.org/entity/Q1058959,Democratic Union,purple
http://www.wikidata.org/entity/Q5255842,Democratic Union Party,blue
http://www.wikidata.org/entity/Q3206451,Democratic Union for the Republic,orange
http://www.wikidata.org/entity/Q5255865,Democratic and Agricultural Labour Party,orange
http://www.wikidata.org/entity/Q2450519,Democratic and Republican Left,red
http://www.wikidata.org/entity/Q541679,Democrats of the Left,raspberry
http://www.wikidata.org/entity/Q1200751,Desiya Murpokku Dravida Kazhagam,teal
http://www.wikidata.org/entity/Q3024726,Destiny New Zealand,yellow
http://www.wikidata.org/entity/Q2511535,Dominican Liberation Party,purple
http://www.wikidata.org/entity/Q3366373,Dominican Party,brown
http://www.wikidata.org/entity/Q1975570,Dominion Party,emerald
http://www.wikidata.org/entity/Q4155724,Dveri,Alizarin crimson
http://www.wikidata.org/entity/Q5328721,East Kilbride Alliance,white
http://www.wikidata.org/entity/Q5328721,East Kilbride Alliance,lithopone white
http://www.wikidata.org/entity/Q580666,Ecuadorian Roldosist Party,crimson
http://www.wikidata.org/entity/Q5347075,Eelam People's Democratic Party,red
http://www.wikidata.org/entity/Q857270,Eelam People's Revolutionary Liberation Front,red
http://www.wikidata.org/entity/Q3535349,Eelam Revolutionary Organisation,red
http://www.wikidata.org/entity/Q286519,El-Ghad Party,light orange
http://www.wikidata.org/entity/Q5374077,Empire Free Trade Crusade,gainsboro
http://www.wikidata.org/entity/Q5377975,England First Party,carmine
http://www.wikidata.org/entity/Q3087061,Ensemble pour la république,firebrick
http://www.wikidata.org/entity/Q5384133,Equal Parenting Alliance,light grey
http://www.wikidata.org/entity/Q2562337,Eretz Yisrael Shelanu,blue
http://www.wikidata.org/entity/Q3366717,Estonian Social Democratic Workers' Party,red
http://www.wikidata.org/entity/Q28408322,European Georgia,red
http://www.wikidata.org/entity/Q927007,European Party,dark blue
http://www.wikidata.org/entity/Q1720273,Evolutionist Party,purple
http://www.wikidata.org/entity/Q504564,FRELIMO,crimson
http://www.wikidata.org/entity/Q5433683,Fancy Dress Party,beige
http://www.wikidata.org/entity/Q1395689,Fanmi Lavalas,cobalt blue
http://www.wikidata.org/entity/Q648924,Farabundo Martí National Liberation Front,crimson
http://www.wikidata.org/entity/Q60668,Fatherland for All,blue
http://www.wikidata.org/entity/Q5437726,Fathers Rights-Responsibility Party,purple
http://www.wikidata.org/entity/Q667836,Federal Democratic Union of Switzerland,red-violet
http://www.wikidata.org/entity/Q55611532,Federal Labor Party (NSW),terra cotta
http://www.wikidata.org/entity/Q5442510,Fellowship Party,aquamarine
http://www.wikidata.org/entity/Q387006,Fidesz,orange
http://www.wikidata.org/entity/Q1336488,Fifth Republic Movement,red
http://www.wikidata.org/entity/Q17064859,Fiji Labour Party,maroon
http://www.wikidata.org/entity/Q612939,Fiji Labour Party,red
http://www.wikidata.org/entity/Q17510648,Fiji United Freedom Party,yellow
http://www.wikidata.org/entity/Q4120604,Finnish Islamic Party,illuminating emerald
http://www.wikidata.org/entity/Q2577092,For a Good Latvia,maroon
http://www.wikidata.org/entity/Q455038,Free Conservative Party,Navajo white
http://www.wikidata.org/entity/Q962942,Free Egyptians Party,red
http://www.wikidata.org/entity/Q3512770,Free England Party,carmine
http://www.wikidata.org/entity/Q3078673,Free Forum,yellow
http://www.wikidata.org/entity/Q2567660,Free Motherland,light orange
http://www.wikidata.org/entity/Q5500063,Free Scotland Party,teal
http://www.wikidata.org/entity/Q50798356,Free Sicilians,yellow
http://www.wikidata.org/entity/Q1453449,Free Trade Party,lime
http://www.wikidata.org/entity/Q28137005,Free and Independent Faction,buff
http://www.wikidata.org/entity/Q5501792,French India Socialist Party,red
http://www.wikidata.org/entity/Q3366458,French Party,cornflower blue
http://www.wikidata.org/entity/Q2498858,French Popular Party,blue
http://www.wikidata.org/entity/Q1332068,French Section of the Workers' International,red
http://www.wikidata.org/entity/Q668067,Frenti-Mudança,yellow
http://www.wikidata.org/entity/Q3088555,Front for the Defence of Constitutional Institutions,gold
http://www.wikidata.org/entity/Q5702329,Front of Followers of the Line of the Imam and the Leader,light orange
http://www.wikidata.org/entity/Q2021587,Front of National Unity,red
http://www.wikidata.org/entity/Q25104577,Front of Prudence and Development,orchid
http://www.wikidata.org/entity/Q3366461,Fusion of Haitian Social Democrats,light orange
http://www.wikidata.org/entity/Q47795,Future and Freedom,Persian blue
http://www.wikidata.org/entity/Q5511692,Fís Nua,coral
http://www.wikidata.org/entity/Q5512790,GABRIELA,purple
http://www.wikidata.org/entity/Q2575544,Gahal,Persian blue
http://www.wikidata.org/entity/Q5532259,General Union for the Good of Macau,purple
http://www.wikidata.org/entity/Q5533819,Genuine Republican Party,light orange
http://www.wikidata.org/entity/Q458791,German Conservative Party,blue
http://www.wikidata.org/entity/Q328195,German Democratic Party,Mandarin orange
http://www.wikidata.org/entity/Q694714,German Progress Party,gold
http://www.wikidata.org/entity/Q560536,German Social Union,cornflower blue
http://www.wikidata.org/entity/Q2891023,Gesher,blue
http://www.wikidata.org/entity/Q5566807,Glasgow First,red
http://www.wikidata.org/entity/Q4925295,Gondwana Ganatantra Party,violet
http://www.wikidata.org/entity/Q28219468,Grassroots Democracy Party,dark green
http://www.wikidata.org/entity/Q2575147,Guadeloupe Communist Party,red
http://www.wikidata.org/entity/Q339706,Hadash,red
http://www.wikidata.org/entity/Q2917054,Hapoel HaMizrachi,steel blue
http://www.wikidata.org/entity/Q5653294,Hapu Party,sepia
http://www.wikidata.org/entity/Q5677946,Haryana Janhit Congress,yellow
http://www.wikidata.org/entity/Q1588993,Hats,navy blue
http://www.wikidata.org/entity/Q20310838,Hindustani Awam Morcha,red
http://www.wikidata.org/entity/Q2948615,Hlavu vzhůru – volební blok,red
http://www.wikidata.org/entity/Q5888672,Home Rule Party of Hawaii,Rosso corsa
http://www.wikidata.org/entity/Q23062,Hong Kong Federation of Trade Unions,red
http://www.wikidata.org/entity/Q16924556,Hong Kong People's Association,light turquoise
http://www.wikidata.org/entity/Q1857742,Human Rights Party,dark green
http://www.wikidata.org/entity/Q1256720,Human Rights Protection Party,cobalt blue
http://www.wikidata.org/entity/Q1536126,Humanist Party,orange
http://www.wikidata.org/entity/Q2453205,Humanist Party of Solidarity,copper
http://www.wikidata.org/entity/Q1051742,Hungarian Justice and Life Party,gold
http://www.wikidata.org/entity/Q1162207,Hungarian Radical Party,raspberry
http://www.wikidata.org/entity/Q832920,Hungarian Two-tailed Dog Party,grey
http://www.wikidata.org/entity/Q584730,Hungarian Workers' Party,maroon
http://www.wikidata.org/entity/Q572015,Icelandic Movement – Living Country,steel blue
http://www.wikidata.org/entity/Q5989113,Idle Toad,crimson
http://www.wikidata.org/entity/Q3522458,Illankai Tamil Arasu Kachchi,yellow
http://www.wikidata.org/entity/Q12714206,Imperial British Conservative Party,dark blue
http://www.wikidata.org/entity/Q602131,Independent Democratic Union,dark blue
http://www.wikidata.org/entity/Q10494861,Independent Fianna Fáil,chartreuse
http://www.wikidata.org/entity/Q529666,Independent Greeks,cyan
http://www.wikidata.org/entity/Q1507913,Independent Labour Party,firebrick
http://www.wikidata.org/entity/Q2915434,Independent Liberals,gold
http://www.wikidata.org/entity/Q1798258,Independent Party,International Klein Blue
http://www.wikidata.org/entity/Q1624802,Independent Party,indigo
http://www.wikidata.org/entity/Q5656224,Independent Popular Action,forest green
http://www.wikidata.org/entity/Q17080573,Independent Republican Party,cyan
http://www.wikidata.org/entity/Q1006287,"Independent Smallholders, Agrarian Workers and Civic Party",olive
http://www.wikidata.org/entity/Q17041921,Independent Socialist Party,sandy brown
http://www.wikidata.org/entity/Q15980516,Independent Working Class Association,Bondi blue
http://www.wikidata.org/entity/Q13111739,Indian Congress (Socialist),green
http://www.wikidata.org/entity/Q6023135,Indiana Democratic Party,blue
http://www.wikidata.org/entity/Q10480355,Industry Party,grey
http://www.wikidata.org/entity/Q654444,Inkatha Freedom Party,red
http://www.wikidata.org/entity/Q945717,Internal Macedonian Revolutionary Organization – Democratic Party for Macedonian National Unity,Rosso corsa
http://www.wikidata.org/entity/Q833748,Intransigent Radical Civic Union,grey
http://www.wikidata.org/entity/Q56703242,Iran Revival,turquoise
http://www.wikidata.org/entity/Q1424473,Iraqi Turkmen Front,vivid sky blue
http://www.wikidata.org/entity/Q153448,Iron Guard,sea green
http://www.wikidata.org/entity/Q3896787,Italian Labour Party,red
http://www.wikidata.org/entity/Q1427066,Italian Nationalist Association,dark blue
http://www.wikidata.org/entity/Q1450384,Italian Radicals,gold
http://www.wikidata.org/entity/Q3896813,Italian Revolutionary Socialist Party,dark red
http://www.wikidata.org/entity/Q281745,Italian Socialist Party,crimson
http://www.wikidata.org/entity/Q47768,Italy of Values,light orange
http://www.wikidata.org/entity/Q19895457,Ittihad Party,cornflower blue
http://www.wikidata.org/entity/Q1422092,Ivorian Popular Front,blue
http://www.wikidata.org/entity/Q22079682,Jacqui Lambie Network,yellow
http://www.wikidata.org/entity/Q6737570,Jamiat Ulama-e-Islam Nazryati,cyan
http://www.wikidata.org/entity/Q13211655,Jamiat Ulema-e-Islam,dim gray
http://www.wikidata.org/entity/Q1682547,Janata Dal,sea green
http://www.wikidata.org/entity/Q1601619,Janata Dal (Secular),India green
http://www.wikidata.org/entity/Q913168,Jathika Hela Urumaya,light orange
http://www.wikidata.org/entity/Q6164561,Jathika Nidahas Peramuna,gold
http://www.wikidata.org/entity/Q2902739,Jewish Party,Israel blue
http://www.wikidata.org/entity/Q3273397,Jharkhand Mukti Morcha,Persian red
http://www.wikidata.org/entity/Q6246716,John Marek Independent Party,white
http://www.wikidata.org/entity/Q6246716,John Marek Independent Party,lithopone white
http://www.wikidata.org/entity/Q6315470,Jury Team,slate gray
http://www.wikidata.org/entity/Q487520,Justice Party,Mandarin orange
http://www.wikidata.org/entity/Q19077,Justice and Development Party,Mandarin orange
http://www.wikidata.org/entity/Q1142687,KDU-ČSL,gold
http://www.wikidata.org/entity/Q257787,Kabaka Yekka,cobalt blue
http://www.wikidata.org/entity/Q6343824,Kabalikat ng Malayang Pilipino,dark blue
http://www.wikidata.org/entity/Q331852,Kach and Kahane Chai,gold
http://www.wikidata.org/entity/Q17063157,Kamgar Kisan Paksha,red
http://www.wikidata.org/entity/Q18126559,Kangleipak Communist Party,red
http://www.wikidata.org/entity/Q6401862,Khmer Anti-Poverty Party,turquoise
http://www.wikidata.org/entity/Q625109,Korean National Party,navy blue
http://www.wikidata.org/entity/Q1357724,Koruna česká,dark blue
http://www.wikidata.org/entity/Q23731823,La République En Marche,gold
http://www.wikidata.org/entity/Q6466746,Laban ng Makabayang Masang Pilipino,light orange
http://www.wikidata.org/entity/Q15863879,Labor Party,crimson
http://www.wikidata.org/entity/Q6467395,Labour Coalition,indian red
http://www.wikidata.org/entity/Q6467409,Labour Electoral Association,firebrick
http://www.wikidata.org/entity/Q503614,Labour Party,Rosso corsa
http://www.wikidata.org/entity/Q3136263,Labour Party,red
http://www.wikidata.org/entity/Q6467449,Labour Party,buff
http://www.wikidata.org/entity/Q21942488,Labour Representation Committee,firebrick
http://www.wikidata.org/entity/Q6474565,Lakas ng Bayan,yellow
http://www.wikidata.org/entity/Q6487159,Lanka Prajathanthravadi Pakshaya,blue
http://www.wikidata.org/entity/Q2716578,Lanka Sama Samaja Party,red
http://www.wikidata.org/entity/Q6516779,Left,red
http://www.wikidata.org/entity/Q6516886,Left Liberation Front,red
http://www.wikidata.org/entity/Q922707,Left Party,blood red
http://www.wikidata.org/entity/Q919883,Left Socialist-Revolutionaries,red
http://www.wikidata.org/entity/Q286140,"Left, Ecology and Freedom",red
http://www.wikidata.org/entity/Q47750,Lega Nord,navy blue
http://www.wikidata.org/entity/Q14545694,Liaison Committee for the Presidential Majority,cobalt blue
http://www.wikidata.org/entity/Q15984913,Liberal Democrat Party of Chile,gold
http://www.wikidata.org/entity/Q6540635,Liberal Democratic Party,orange
http://www.wikidata.org/entity/Q683845,Liberal Democratic Party,yellow
http://www.wikidata.org/entity/Q921704,Liberal Democratic Party,steel blue
http://www.wikidata.org/entity/Q828492,Liberal Democratic Party,Blue (CMYK) (pigment blue)
http://www.wikidata.org/entity/Q937927,Liberal Party,light orange
http://www.wikidata.org/entity/Q6540713,Liberal Party,blue
http://www.wikidata.org/entity/Q1822918,Liberal Party,Maya Blue
http://www.wikidata.org/entity/Q2653155,Liberal Party,orange
http://www.wikidata.org/entity/Q622441,Liberal Party,gold
http://www.wikidata.org/entity/Q2575588,Liberal Party,gold
http://www.wikidata.org/entity/Q3366486,Liberal Party,gold
http://www.wikidata.org/entity/Q3885147,Liberal Party,gold
http://www.wikidata.org/entity/Q6625187,Liberal Party of Australia (New South Wales Division),cobalt blue
http://www.wikidata.org/entity/Q55616815,Liberal Party of Australia (Queensland Division),cobalt blue
http://www.wikidata.org/entity/Q23198434,Liberal Party of Australia (South Australian Division),cobalt blue
http://www.wikidata.org/entity/Q30668457,Liberal Party of Australia (Tasmanian Division),cobalt blue
http://www.wikidata.org/entity/Q55616818,Liberal Party of Australia (Victorian Division),cobalt blue
http://www.wikidata.org/entity/Q55616819,Liberal Party of Australia (Western Australian Division),cobalt blue
http://www.wikidata.org/entity/Q6540643,Liberal Party of Sudan,denim
http://www.wikidata.org/entity/Q3366660,Liberal Reform Party,dark turquoise
http://www.wikidata.org/entity/Q6540790,Liberal Reform Party,gold
http://www.wikidata.org/entity/Q3047755,Liberal Union,gold
http://www.wikidata.org/entity/Q15735224,Liberal-Environmental Party,teal
http://www.wikidata.org/entity/Q12033327,Liberal-Social Union,emerald
http://www.wikidata.org/entity/Q6541113,Liberia Action Party,cyan
http://www.wikidata.org/entity/Q6541373,Libertarian Party of Massachusetts,Mandarin orange
http://www.wikidata.org/entity/Q130671,"Libertarian, Direct, Democratic",navy blue
http://www.wikidata.org/entity/Q6541470,Libertas Poland,blue
http://www.wikidata.org/entity/Q970952,Liberty and Refoundation,dark red
http://www.wikidata.org/entity/Q12324381,Libertære Socialister,Rosso corsa
http://www.wikidata.org/entity/Q6661038,Llais Gwynedd,dark green
http://www.wikidata.org/entity/Q15980741,Los Coludos,red
http://www.wikidata.org/entity/Q716092,MIÉP–Jobbik Third Way Alliance of Parties,NCS green
http://www.wikidata.org/entity/Q3366796,MSM,red
http://www.wikidata.org/entity/Q4389847,Mahachon Party,red
http://www.wikidata.org/entity/Q3529247,Mahajana Eksath Peramuna,blue
http://www.wikidata.org/entity/Q3522601,Mahajana Eksath Peramuna,red
http://www.wikidata.org/entity/Q6736426,Maine Republican Party,red
http://www.wikidata.org/entity/Q15711639,Majlis Wahdat-e-Muslimeen,dark red
http://www.wikidata.org/entity/Q18207346,Majlis-e-Tahaffuz-e-Khatme Nabuwwat,forest green
http://www.wikidata.org/entity/Q1037389,Malawi Congress Party,red
http://www.wikidata.org/entity/Q6741973,Malaysian Indian Muslim Congress,Mandarin orange
http://www.wikidata.org/entity/Q12699610,Malaysian Indian United Party,yellow
http://www.wikidata.org/entity/Q6744699,Malta Workers Party,copper
http://www.wikidata.org/entity/Q9035476,Mana Maori Movement,brown
http://www.wikidata.org/entity/Q6746551,Mana Wahine Te Ira Tangata,brown
http://www.wikidata.org/entity/Q1428864,Mapam,red
http://www.wikidata.org/entity/Q1892248,Marada Movement,green-yellow
http://www.wikidata.org/entity/Q1892248,Marada Movement,green-yellow
http://www.wikidata.org/entity/Q3123247,March 26 Movement,orange-red
http://www.wikidata.org/entity/Q16304789,Mass Party,red
http://www.wikidata.org/entity/Q1568845,Matubhum Party,blue
http://www.wikidata.org/entity/Q6792789,Mauri Pacific,Berliner Blau
http://www.wikidata.org/entity/Q3979015,Mexican Democratic Party,Rosso corsa
http://www.wikidata.org/entity/Q15980772,Middlewich First,white
http://www.wikidata.org/entity/Q15980772,Middlewich First,lithopone white
http://www.wikidata.org/entity/Q599295,Minority Front,red
http://www.wikidata.org/entity/Q285354,Mizrachi,steel blue
http://www.wikidata.org/entity/Q15980769,Modern Whig Party,orange
http://www.wikidata.org/entity/Q1780708,Moledet,navy blue
http://www.wikidata.org/entity/Q3320137,Monarchiens,Persian blue
http://www.wikidata.org/entity/Q1054567,Monarchist National Party,navy blue
http://www.wikidata.org/entity/Q11939498,Mongol National Organisation,teal
http://www.wikidata.org/entity/Q3110690,Moravané,yellow
http://www.wikidata.org/entity/Q6911217,Morecambe Bay Independents,white
http://www.wikidata.org/entity/Q6911217,Morecambe Bay Independents,lithopone white
http://www.wikidata.org/entity/Q1068853,Most–Híd,light orange
http://www.wikidata.org/entity/Q2635662,Motherland Defenders Party,raspberry
http://www.wikidata.org/entity/Q488511,Motherland Party,NCS yellow
http://www.wikidata.org/entity/Q6925156,Mountain Party,brown
http://www.wikidata.org/entity/Q1856755,Mouvement National Congolais,cobalt blue
http://www.wikidata.org/entity/Q870654,Movement for France,dark blue
http://www.wikidata.org/entity/Q2712780,Movement for the Future of Curaçao,white
http://www.wikidata.org/entity/Q2712780,Movement for the Future of Curaçao,lithopone white
http://www.wikidata.org/entity/Q4120394,Movement for the Independence of Sicily,gold
http://www.wikidata.org/entity/Q6926730,Movement for the Restoration of Democracy,red
http://www.wikidata.org/entity/Q47463814,Movement of Free Citizens,cadet grey
http://www.wikidata.org/entity/Q1570461,Movement of Popular Participation,orange-red
http://www.wikidata.org/entity/Q1296335,Movement without Fear,blue
http://www.wikidata.org/entity/Q6926970,Movimiento Nueva República,red
http://www.wikidata.org/entity/Q17011827,Mutahida Deeni Mahaz,lithopone white
http://www.wikidata.org/entity/Q17011827,Mutahida Deeni Mahaz,white
http://www.wikidata.org/entity/Q39049684,My Vote Counts! - G!LT,indian red
http://www.wikidata.org/entity/Q15980856,NI21,teal
http://www.wikidata.org/entity/Q24661026,Natatok Indigenous People's Democratic Party,cornflower blue
http://www.wikidata.org/entity/Q3366308,Nation Party of Iran,gold
http://www.wikidata.org/entity/Q5394720,National Action,navy blue
http://www.wikidata.org/entity/Q6970292,National Alliance for Belizean Rights,forest green
http://www.wikidata.org/entity/Q6970351,National Andorran Coalition,navy blue
http://www.wikidata.org/entity/Q1257317,National Awakening Party,green
http://www.wikidata.org/entity/Q1890519,National Bloc,grey
http://www.wikidata.org/entity/Q3640980,National Bloc of Freedom,navy blue
http://www.wikidata.org/entity/Q321022,National Bolshevik Party,red
http://www.wikidata.org/entity/Q1432611,National Centre Party,blue
http://www.wikidata.org/entity/Q2239200,National Centre of Social Republicans,blue
http://www.wikidata.org/entity/Q2993172,National Congress for Democratic Initiative,spring green
http://www.wikidata.org/entity/Q1254278,National Democratic Congress,gold
http://www.wikidata.org/entity/Q200875,National Democratic Congress,sea green
http://www.wikidata.org/entity/Q6972221,National Democratic Group,red
http://www.wikidata.org/entity/Q6972222,National Democratic Movement,blue
http://www.wikidata.org/entity/Q3366434,National Democratic Party,green
http://www.wikidata.org/entity/Q49758,National Democratic Party of Germany,gold
http://www.wikidata.org/entity/Q2777993,National Democratic Union,blue
http://www.wikidata.org/entity/Q6972256,National Democratic and Labour Party,Navajo white
http://www.wikidata.org/entity/Q1967913,National Democrats,light orange
http://www.wikidata.org/entity/Q4921004,National Development Party,light orange
http://www.wikidata.org/entity/Q1338697,National Forces Alliance,selective yellow
http://www.wikidata.org/entity/Q1968072,National Front,gold
http://www.wikidata.org/entity/Q1148059,National Front Party,pear
http://www.wikidata.org/entity/Q6972815,National Front of Workers and Peasants,gold
http://www.wikidata.org/entity/Q17139489,National Independence Party,red
http://www.wikidata.org/entity/Q3366300,National Integration Party,Turkish blue
http://www.wikidata.org/entity/Q3776735,National Labour Party,coral
http://www.wikidata.org/entity/Q1180187,National Liberal Party,light turquoise
http://www.wikidata.org/entity/Q204543,National Liberation Front,crimson
http://www.wikidata.org/entity/Q907051,National Liberation Front of Angola,yellow
http://www.wikidata.org/entity/Q2434365,National Mandate Party,blue
http://www.wikidata.org/entity/Q6974417,National Movement of the Revolution,orange
http://www.wikidata.org/entity/Q2412718,National Party,dark blue
http://www.wikidata.org/entity/Q3480145,National Party,yellow
http://www.wikidata.org/entity/Q13219795,National Party,indian red
http://www.wikidata.org/entity/Q6974819,National Party of Scotland,laser lemon
http://www.wikidata.org/entity/Q1142176,National Patriotic Party,firebrick
http://www.wikidata.org/entity/Q2487652,National People's Party,green
http://www.wikidata.org/entity/Q650648,National Peoples Party,firebrick
http://www.wikidata.org/entity/Q3775658,National Progressive Democrats,salmon
http://www.wikidata.org/entity/Q6975237,National Reform Party,orange
http://www.wikidata.org/entity/Q303668,National Renaissance Front,navy blue
http://www.wikidata.org/entity/Q382674,National Resistance Movement,gold
http://www.wikidata.org/entity/Q18379591,National Revolutionary Party of Afghanistan,gold
http://www.wikidata.org/entity/Q2455738,National Salvation Front,orchid
http://www.wikidata.org/entity/Q1073799,National Socialist Movement,brown
http://www.wikidata.org/entity/Q4314774,National Socialist Party of New Zealand,brown
http://www.wikidata.org/entity/Q707428,National Socialist Workers' Party of Denmark,brown
http://www.wikidata.org/entity/Q1967746,National Solidarity Party,light orange
http://www.wikidata.org/entity/Q1475559,National Union,light orange
http://www.wikidata.org/entity/Q954010,National Union,cobalt blue
http://www.wikidata.org/entity/Q80719,National Union Party,firebrick
http://www.wikidata.org/entity/Q2496554,National Union of Ethical Citizens,grey
http://www.wikidata.org/entity/Q6979195,National Unity,dark blue
http://www.wikidata.org/entity/Q202609,National Unity Front,gold
http://www.wikidata.org/entity/Q1773249,National Unity Party,Rosso corsa
http://www.wikidata.org/entity/Q1809278,National Unity Party,orange
http://www.wikidata.org/entity/Q6979767,Nationalist Alliance,cream
http://www.wikidata.org/entity/Q6979769,Nationalist Citizens' Party,emerald
http://www.wikidata.org/entity/Q2823680,Nationalist Democratic Action,red
http://www.wikidata.org/entity/Q1516976,Nationalist Party of Australia,cornflower blue
http://www.wikidata.org/entity/Q6981582,Nava Sama Samaja Party,red
http://www.wikidata.org/entity/Q6982730,Nawa Nepal Prajatantrik Dal,turquoise
http://www.wikidata.org/entity/Q55394498,Nepal Federal Socialist Party,indian red
http://www.wikidata.org/entity/Q6994374,Nepal Loktantrik Samajbadi Dal,seashell
http://www.wikidata.org/entity/Q1800560,Nepal Workers Peasants Party,Rosso corsa
http://www.wikidata.org/entity/Q1889631,Neutral Democratic Party,red
http://www.wikidata.org/entity/Q15980666,New Alliance Party,fuchsia
http://www.wikidata.org/entity/Q15980666,New Alliance Party,magenta
http://www.wikidata.org/entity/Q1127756,New Aspiration Party,yellow
http://www.wikidata.org/entity/Q16932904,New Democracy,gold
http://www.wikidata.org/entity/Q7006871,New Democracy Electoral Union,light orange
http://www.wikidata.org/entity/Q7008134,New Hampshire Democratic Party,blue
http://www.wikidata.org/entity/Q7008213,New Hampshire Republican State Committee,red
http://www.wikidata.org/entity/Q1511179,New Kosovo Alliance,blue
http://www.wikidata.org/entity/Q2495255,New Macau Association,dark green
http://www.wikidata.org/entity/Q2021874,New Party,purple
http://www.wikidata.org/entity/Q19838806,New Party,green-yellow
http://www.wikidata.org/entity/Q19838806,New Party,green-yellow
http://www.wikidata.org/entity/Q2284361,New Party,gold
http://www.wikidata.org/entity/Q483462,New Progressive Party,crimson
http://www.wikidata.org/entity/Q61862296,New Republic Party,cornflower blue
http://www.wikidata.org/entity/Q3103162,New Rights,chartreuse
http://www.wikidata.org/entity/Q7011558,New Socialist Alternative,red
http://www.wikidata.org/entity/Q31092171,New Start,blue
http://www.wikidata.org/entity/Q66364384,New Time,navy blue
http://www.wikidata.org/entity/Q3366331,New Turkey Party,red
http://www.wikidata.org/entity/Q2443115,New Union for Macau's Development,gold
http://www.wikidata.org/entity/Q11940292,New Zealand Democratic Party for Social Credit,illuminating emerald
http://www.wikidata.org/entity/Q7015475,New Zealand Liberal Party,gold
http://www.wikidata.org/entity/Q7015478,New Zealand Liberal Party,white
http://www.wikidata.org/entity/Q7015478,New Zealand Liberal Party,lithopone white
http://www.wikidata.org/entity/Q3622440,New Zealand National Front,dark blue
http://www.wikidata.org/entity/Q7015620,New Zealand Republican Party,red
http://www.wikidata.org/entity/Q7015654,New Zealand Socialist Party,dark red
http://www.wikidata.org/entity/Q39935211,Newport Independents Party,Mandarin orange
http://www.wikidata.org/entity/Q1621537,Nigerien Alliance for Democracy and Progress,gold
http://www.wikidata.org/entity/Q1644044,Niue People's Party,forest green
http://www.wikidata.org/entity/Q21061549,North East Party,maroon
http://www.wikidata.org/entity/Q7058538,Northern Ireland Women's Coalition,Persian green
http://www.wikidata.org/entity/Q3347799,O Porinetia To Tatou Ai'a,red
http://www.wikidata.org/entity/Q7077839,Odisha Communist Party,red
http://www.wikidata.org/entity/Q18385482,One Fiji Party,cyan
http://www.wikidata.org/entity/Q160715,One London,Bondi blue
http://www.wikidata.org/entity/Q7093023,One New Zealand Party,purple
http://www.wikidata.org/entity/Q7101893,Organisation of Marxist–Leninists of Spain,red
http://www.wikidata.org/entity/Q3567312,Organization for the Reconstruction of the Communist Party of Greece,terra cotta
http://www.wikidata.org/entity/Q12019857,Ostravak,dark red
http://www.wikidata.org/entity/Q20748276,Our Land,blue
http://www.wikidata.org/entity/Q1266099,PJAK,red
http://www.wikidata.org/entity/Q799577,Pakistan Muslim League (N),forest green
http://www.wikidata.org/entity/Q864345,Pakistan Muslim League (Q),green
http://www.wikidata.org/entity/Q7125671,Pakistan Peoples Party (Shaheed Bhutto),coral
http://www.wikidata.org/entity/Q19895022,Pakistan Peoples Party Workers,grey
http://www.wikidata.org/entity/Q1339181,Palikot's Movement,orange
http://www.wikidata.org/entity/Q3048772,Parti Gerakan Rakyat Malaysia,red
http://www.wikidata.org/entity/Q7140518,Partido Abe Kapampangan,dark green
http://www.wikidata.org/entity/Q32752,Partido Auténtico,orange
http://www.wikidata.org/entity/Q7140531,Partido Demokratiko Pilipino–Lakas ng Bayan,gold
http://www.wikidata.org/entity/Q33162971,Partido de Trabajadores Revolucionarios,red
http://www.wikidata.org/entity/Q5932301,Partido ng Manggagawa at Magsasaka,Rosso corsa
http://www.wikidata.org/entity/Q3330348,Partit Radical Demòcrata,purple
http://www.wikidata.org/entity/Q2195268,Party for Democracy and Socialism,indian red
http://www.wikidata.org/entity/Q461351,Party for Social Renewal,light orange
http://www.wikidata.org/entity/Q4026915,Party for Socialism and Liberation,red
http://www.wikidata.org/entity/Q3098111,Party for a Country of Solidarity,yellow
http://www.wikidata.org/entity/Q176956,Party of Civic Rights,terra cotta
http://www.wikidata.org/entity/Q477228,"Party of Farmers, Traders and Independents",apple green
http://www.wikidata.org/entity/Q7141097,Party of National Brotherhood,crimson
http://www.wikidata.org/entity/Q61958904,Party of Peace and Development,denim
http://www.wikidata.org/entity/Q2603304,Party of Socialists of the Republic of Moldova,dark red
http://www.wikidata.org/entity/Q2985355,Party of Togolese Unity,gold
http://www.wikidata.org/entity/Q652091,Party of the Revolution,forest green
http://www.wikidata.org/entity/Q15973108,Party of the Socialist Revolution,red
http://www.wikidata.org/entity/Q7141634,Pasban e Pakistan,maroon
http://www.wikidata.org/entity/Q958794,Patriotic Movement for Renewal,light orange
http://www.wikidata.org/entity/Q17094048,Pauper Party of Ontario,yellow
http://www.wikidata.org/entity/Q7157418,Peace Party,orchid
http://www.wikidata.org/entity/Q3098914,Peace and Freedom Party,green
http://www.wikidata.org/entity/Q7157493,Peace and Progress Party,periwinkle
http://www.wikidata.org/entity/Q7164785,Pensioners Party,grey
http://www.wikidata.org/entity/Q1826873,Pensioners' Party,denim
http://www.wikidata.org/entity/Q839354,Pentapartito,rosa-orange
http://www.wikidata.org/entity/Q3545406,People Before Profit,blood red
http://www.wikidata.org/entity/Q15980874,People Party (1973–75),gold
http://www.wikidata.org/entity/Q13422309,People's Alliance (Sri Lanka),blue
http://www.wikidata.org/entity/Q17139360,People's Congress Party,sandy brown
http://www.wikidata.org/entity/Q4262041,People's Conscience Party,orange
http://www.wikidata.org/entity/Q7165526,People's Democratic Party,cyan
http://www.wikidata.org/entity/Q23022624,People's Experts,maroon
http://www.wikidata.org/entity/Q7165584,People's Islamic Unity Party of Afghanistan,red
http://www.wikidata.org/entity/Q16932539,People's Justice Party,aquamarine
http://www.wikidata.org/entity/Q636947,People's Mujahedin of Iran,red
http://www.wikidata.org/entity/Q28531167,People's Party,azure
http://www.wikidata.org/entity/Q337794,People's Party,celadon
http://www.wikidata.org/entity/Q828392,People's Party – Movement for a Democratic Slovakia,Maya Blue
http://www.wikidata.org/entity/Q1002594,People's Progressive Party,goldenrod
http://www.wikidata.org/entity/Q478120,People's Revolutionary Party of Benin,red
http://www.wikidata.org/entity/Q1186355,People’s Democratic Party of Afghanistan,red
http://www.wikidata.org/entity/Q19752495,Perindo Party,lithopone white
http://www.wikidata.org/entity/Q19752495,Perindo Party,white
http://www.wikidata.org/entity/Q7170486,Personal Choice Party,maize
http://www.wikidata.org/entity/Q7170951,Pertubuhan Kebangsaan Melayu Singapura,red
http://www.wikidata.org/entity/Q669307,Peruvian Nationalist Party,red
http://www.wikidata.org/entity/Q7185046,Philippine Falange,navy blue
http://www.wikidata.org/entity/Q7197983,Piri Wiri Tua Movement,sangria
http://www.wikidata.org/entity/Q7200906,Plan Progress for Bolivia – National Convergence,red
http://www.wikidata.org/entity/Q65295925,Podemos Asturias,violet
http://www.wikidata.org/entity/Q7209955,Polish National Party,red
http://www.wikidata.org/entity/Q537303,Polish United Workers' Party,Rosso corsa
http://www.wikidata.org/entity/Q687409,Polish Workers' Party,red
http://www.wikidata.org/entity/Q599149,Popular Action,maroon
http://www.wikidata.org/entity/Q7229662,Popular Alliance,olive
http://www.wikidata.org/entity/Q7229670,Popular Christian Movement,robin egg blue
http://www.wikidata.org/entity/Q7229694,Popular Freedom Alliance,grey
http://www.wikidata.org/entity/Q2151209,Popular Liberal Action,cornflower blue
http://www.wikidata.org/entity/Q226085,Popular Orthodox Rally,dark blue
http://www.wikidata.org/entity/Q1236315,Popular Republican Movement,robin egg blue
http://www.wikidata.org/entity/Q5858343,Popular Socialist Party,crimson
http://www.wikidata.org/entity/Q130761,Popular Unity Candidacy,white
http://www.wikidata.org/entity/Q130761,Popular Unity Candidacy,lithopone white
http://www.wikidata.org/entity/Q2054628,Portuguese Workers' Communist Party,Rosso corsa
http://www.wikidata.org/entity/Q3345058,Praja Rajyam Party,bright green
http://www.wikidata.org/entity/Q1455237,Progress Party,yellow
http://www.wikidata.org/entity/Q2112227,Progress Party,yellow
http://www.wikidata.org/entity/Q7248572,Progress Party,ochre
http://www.wikidata.org/entity/Q7886461,Progress Promotion Union,red
http://www.wikidata.org/entity/Q15980912,Progressive Action Party,Maya Blue
http://www.wikidata.org/entity/Q5713120,Progressive Advance,light orange
http://www.wikidata.org/entity/Q2838261,Progressive Alliance,dark blue
http://www.wikidata.org/entity/Q7248719,Progressive Constitutionalist Party,maroon
http://www.wikidata.org/entity/Q2566823,Progressive Liberal Party,gold
http://www.wikidata.org/entity/Q7248776,Progressive Party,asparagus
http://www.wikidata.org/entity/Q2575617,Progressive Party,mango
http://www.wikidata.org/entity/Q7248783,Progressive Party,gold
http://www.wikidata.org/entity/Q7248784,Progressive Party,lavender
http://www.wikidata.org/entity/Q212158,Progressive Party of Working People,carnelian
http://www.wikidata.org/entity/Q7248799,Progressive Peoples Alliance,azure
http://www.wikidata.org/entity/Q947126,Progressive Socialist Party of Ukraine,red
http://www.wikidata.org/entity/Q7248821,Progressive Union of the Centrist Center,firebrick
http://www.wikidata.org/entity/Q3179082,Project Venezuela,yellow
http://www.wikidata.org/entity/Q1185916,Proletarian Democracy,red
http://www.wikidata.org/entity/Q647925,Proriv,Mandarin orange
http://www.wikidata.org/entity/Q887193,Prosperous Armenia,Maya Blue
http://www.wikidata.org/entity/Q1511101,Prosperous Justice Party,light orange
http://www.wikidata.org/entity/Q7252621,Provincial Christian-Socialist Party,asparagus
http://www.wikidata.org/entity/Q7258663,Puerto Ricans for Puerto Rico Party,light orange
http://www.wikidata.org/entity/Q7260335,Punjabi Party of Malaysia,blue
http://www.wikidata.org/entity/Q2788486,Pwersa ng Masang Pilipino,light orange
http://www.wikidata.org/entity/Q7263268,Pyramid Party of India,Blue (CMYK) (pigment blue)
http://www.wikidata.org/entity/Q7270959,Queensland Labor Party,teal
http://www.wikidata.org/entity/Q123585,Radical Civic Union,NCS red
http://www.wikidata.org/entity/Q2054656,Radical Liberal Party,cobalt blue
http://www.wikidata.org/entity/Q1542710,Radical Party,mauve
http://www.wikidata.org/entity/Q1759368,Radical Party,teal
http://www.wikidata.org/entity/Q1549779,Radical Party of Chile,teal
http://www.wikidata.org/entity/Q2355317,Radical Party of Oleh Liashko,orange-red
http://www.wikidata.org/entity/Q1517626,Rahanweyn Resistance Army,crimson
http://www.wikidata.org/entity/Q6581405,Rak Thailand Party,blue
http://www.wikidata.org/entity/Q4589354,Rastriya Janamorcha,brighter dark red
http://www.wikidata.org/entity/Q7295308,Rastriya Prajatantra Party,International Klein Blue
http://www.wikidata.org/entity/Q2632719,Rastriya Prajatantra Party,gold
http://www.wikidata.org/entity/Q7299421,Rayyithunge Muthagaddim Party,Rosso corsa
http://www.wikidata.org/entity/Q28221967,Rebirth Party,vivid sky blue
http://www.wikidata.org/entity/Q2054732,Reconstitution Party,cyan
http://www.wikidata.org/entity/Q962693,Recreate for Growth,blue
http://www.wikidata.org/entity/Q17507485,Reform Jersey,red
http://www.wikidata.org/entity/Q533384,Reform Movement,cobalt blue
http://www.wikidata.org/entity/Q1375054,Reform Party,sea green
http://www.wikidata.org/entity/Q7307559,Reforms for the Future,teal
http://www.wikidata.org/entity/Q5944368,Renewed Democratic Liberty,red
http://www.wikidata.org/entity/Q1508640,Renovación Española,teal
http://www.wikidata.org/entity/Q18720460,Renua Ireland,light orange
http://www.wikidata.org/entity/Q7314380,Republic,brighter dark red
http://www.wikidata.org/entity/Q2054660,Republican Liberal Party,gold
http://www.wikidata.org/entity/Q7314627,Republican Party,light orange
http://www.wikidata.org/entity/Q4925715,Republican Party,blue
http://www.wikidata.org/entity/Q7314629,Republican Party,cornflower blue
http://www.wikidata.org/entity/Q7314626,Republican Party,crimson
http://www.wikidata.org/entity/Q7314645,Republican Party of Havana,indian red
http://www.wikidata.org/entity/Q7314703,Republican Socialist Unity Party,red
http://www.wikidata.org/entity/Q6089601,Republican Villagers Nation Party,coffee
http://www.wikidata.org/entity/Q2655581,Republicans of Miroslav Sládek,Berliner Blau
http://www.wikidata.org/entity/Q7315991,Responsible Government Association,orange
http://www.wikidata.org/entity/Q7318726,Revolutionary Action Party,steel blue
http://www.wikidata.org/entity/Q862627,Revolutionary Communist League,cardinal
http://www.wikidata.org/entity/Q3366240,Revolutionary Communist Party of Chilia,red
http://www.wikidata.org/entity/Q2786464,Revolutionary Democratic Coalition,red
http://www.wikidata.org/entity/Q935996,Revolutionary Front for an Independent East Timor,red
http://www.wikidata.org/entity/Q1701173,Revolutionary Left Movement (Chile),red
http://www.wikidata.org/entity/Q7318829,Revolutionary Party,brown
http://www.wikidata.org/entity/Q7318844,Revolutionary Socialism,red
http://www.wikidata.org/entity/Q7318848,Revolutionary Socialist Alternative,red
http://www.wikidata.org/entity/Q1635587,Revolutionary Socialist Party,red
http://www.wikidata.org/entity/Q7318855,Revolutionary Socialist Workers' Party,brighter dark red
http://www.wikidata.org/entity/Q7318862,Revolutionary Socialists,gold
http://www.wikidata.org/entity/Q1141973,Revolutionary United Front,gold
http://www.wikidata.org/entity/Q7318888,Revolutionary Workers' Party-Struggle,red
http://www.wikidata.org/entity/Q7321065,Rhodesian Action Party,gold
http://www.wikidata.org/entity/Q1279467,Right Bloc,apple green
http://www.wikidata.org/entity/Q20982216,Rivers State People's Democratic Party,red
http://www.wikidata.org/entity/Q7354230,Rock 'n' Roll Loony Party,red-violet
http://www.wikidata.org/entity/Q7355405,Rockingham Whigs,buff
http://www.wikidata.org/entity/Q7389478,SDP–Liberal Alliance,gold
http://www.wikidata.org/entity/Q821929,SMER – Social Democracy,red
http://www.wikidata.org/entity/Q12186375,Saadist Institutional Party,red-violet
http://www.wikidata.org/entity/Q23777605,Sabah Chinese Association,red
http://www.wikidata.org/entity/Q1546941,Samajwadi Party,red
http://www.wikidata.org/entity/Q7409906,Samoa Progressive Political Party,peach
http://www.wikidata.org/entity/Q7409906,Samoa Progressive Political Party,apricot
http://www.wikidata.org/entity/Q27389,Sandinista National Liberation Front,dark red
http://www.wikidata.org/entity/Q1100205,Sarawak United Peoples' Party,yellow
http://www.wikidata.org/entity/Q3027499,Save Bessarabia Union,blue
http://www.wikidata.org/entity/Q7437828,Scottish Labour Party,firebrick
http://www.wikidata.org/entity/Q7437829,Scottish Labour Party,dark red
http://www.wikidata.org/entity/Q7437849,Scottish Liberal Party,gold
http://www.wikidata.org/entity/Q891900,Scottish Socialist Party,red
http://www.wikidata.org/entity/Q16933693,Scottish Workers' Representation Committee,firebrick
http://www.wikidata.org/entity/Q7450763,Seniors Solidarity Party,green
http://www.wikidata.org/entity/Q2915298,Sephardim and Oriental Communities,cobalt blue
http://www.wikidata.org/entity/Q22205328,Serb List,navy blue
http://www.wikidata.org/entity/Q334410,Serbian Radical Party,dark blue
http://www.wikidata.org/entity/Q7498934,Shiromani Akali Dal (Amritsar),light orange
http://www.wikidata.org/entity/Q2890644,Shlomtzion,cobalt blue
http://www.wikidata.org/entity/Q2002421,"Shooters, Fishers and Farmers Party",indian red
http://www.wikidata.org/entity/Q4801137,Sikkim Krantikari Morcha,red
http://www.wikidata.org/entity/Q2289041,Singapore Democratic Party,red
http://www.wikidata.org/entity/Q7523074,Singapore People's Alliance,purple
http://www.wikidata.org/entity/Q1320603,Singapore People's Party,white
http://www.wikidata.org/entity/Q1320603,Singapore People's Party,lithopone white
http://www.wikidata.org/entity/Q17053908,Singaporeans First Party,red
http://www.wikidata.org/entity/Q7524323,Sinhalaye Mahasammatha Bhoomiputra Pakshaya,dark blue
http://www.wikidata.org/entity/Q1611985,Slovak Democratic Coalition,blue
http://www.wikidata.org/entity/Q1258654,Slovenian People's Party,olive
http://www.wikidata.org/entity/Q1127730,Social Action Party,dark blue
http://www.wikidata.org/entity/Q438433,Social Alternative,navy blue
http://www.wikidata.org/entity/Q7550472,Social Christian Conservative Party,dark blue
http://www.wikidata.org/entity/Q499377,Social Christian Party,gold
http://www.wikidata.org/entity/Q2153476,Social Christian Reformist Party,crimson
http://www.wikidata.org/entity/Q2296647,Social Credit Party of Great Britain and Northern Ireland,forest green
http://www.wikidata.org/entity/Q4256329,Social Democratic Left Party of Sweden,Rosso corsa
http://www.wikidata.org/entity/Q930331,Social Democratic Party,light orange
http://www.wikidata.org/entity/Q3896861,Social Democratic Party of Kosovo,purple
http://www.wikidata.org/entity/Q1499300,Social Democratic Party of Ukraine (united),rose
http://www.wikidata.org/entity/Q2558701,Social Democratic Workers' Party,Rosso corsa
http://www.wikidata.org/entity/Q175443,Social Democratic and Labour Party,dark green
http://www.wikidata.org/entity/Q7550752,Social Progressive Party,coral
http://www.wikidata.org/entity/Q18207712,Socialist Action,red
http://www.wikidata.org/entity/Q20987490,Socialist Alliance,red
http://www.wikidata.org/entity/Q7551521,Socialist Aotearoa,crimson
http://www.wikidata.org/entity/Q3092168,Socialist Democratic Federation,red
http://www.wikidata.org/entity/Q2296767,Socialist Equality Party,red
http://www.wikidata.org/entity/Q1634168,Socialist Equality Party,carmine
http://www.wikidata.org/entity/Q605960,Socialist Forces Front,azure
http://www.wikidata.org/entity/Q7551562,Socialist Front,scarlet
http://www.wikidata.org/entity/Q7551562,Socialist Front,Q12901869
http://www.wikidata.org/entity/Q5071186,Socialist Janata (Democratic),India green
http://www.wikidata.org/entity/Q1796251,Socialist Justice Party,brighter dark red
http://www.wikidata.org/entity/Q15980502,Socialist Labour Party,yellow
http://www.wikidata.org/entity/Q1813766,Socialist Party,Alizarin crimson
http://www.wikidata.org/entity/Q15980871,Socialist Party of Aotearoa,red
http://www.wikidata.org/entity/Q7551658,Socialist Party of Azania,red
http://www.wikidata.org/entity/Q3827065,Socialist Party of Labour,dark red
http://www.wikidata.org/entity/Q857555,Socialist Party of Malaysia,maroon
http://www.wikidata.org/entity/Q7482830,Socialist Party of Tajikistan,Rosso corsa
http://www.wikidata.org/entity/Q7551711,Socialist Party of Thailand,red
http://www.wikidata.org/entity/Q7551742,Socialist Republican Party,red-violet
http://www.wikidata.org/entity/Q7551744,Socialist Republican Party,forest green
http://www.wikidata.org/entity/Q13017239,Solidarity Party,gold
http://www.wikidata.org/entity/Q640308,Soqosoqo Duavata ni Lewenivanua,Maya Blue
http://www.wikidata.org/entity/Q7566979,South Dakota Republican Party,red
http://www.wikidata.org/entity/Q3829531,Southern Action League,dark blue
http://www.wikidata.org/entity/Q2224802,Sovereign People,cream
http://www.wikidata.org/entity/Q7585921,Sri Lanka Freedom Socialist Party,blue
http://www.wikidata.org/entity/Q1971776,State of Law Coalition,red
http://www.wikidata.org/entity/Q3356033,Struggling People's Organization,orange
http://www.wikidata.org/entity/Q18393097,Suheldev Bharatiya Samaj Party,yellow
http://www.wikidata.org/entity/Q56231329,Synergie Monégasque,red
http://www.wikidata.org/entity/Q3523784,Tamil Eelam Liberation Organization,red
http://www.wikidata.org/entity/Q1814443,Tamil United Liberation Front,yellow
http://www.wikidata.org/entity/Q3357886,Tanzania Labour Party,yellow
http://www.wikidata.org/entity/Q7690857,Te Kura O Te ‘Au People's Movement,cream
http://www.wikidata.org/entity/Q607487,Tehiya,cobalt blue
http://www.wikidata.org/entity/Q6581411,Telangana Praja Samithi,maroon
http://www.wikidata.org/entity/Q2279320,Telugu Desam Party,yellow
http://www.wikidata.org/entity/Q2053544,The Alliance,Persian blue
http://www.wikidata.org/entity/Q18042964,The Alternative,green
http://www.wikidata.org/entity/Q7727037,The Community Group,forest green
http://www.wikidata.org/entity/Q1530720,The Jewish Home,light orange
http://www.wikidata.org/entity/Q1212753,The Libertarians,denim
http://www.wikidata.org/entity/Q7753703,The New Party,blue
http://www.wikidata.org/entity/Q920544,The Plain,dark grey
http://www.wikidata.org/entity/Q15705373,The Reform Conservatives,yellow
http://www.wikidata.org/entity/Q3917401,The Right Alliance,white
http://www.wikidata.org/entity/Q3917401,The Right Alliance,lithopone white
http://www.wikidata.org/entity/Q7785007,Third Way,amber
http://www.wikidata.org/entity/Q61994205,Third Way,navy blue
http://www.wikidata.org/entity/Q3366644,Tibet Improvement Party,blue
http://www.wikidata.org/entity/Q668101,Ticino League,cornflower blue
http://www.wikidata.org/entity/Q3054830,Together 2014,grey
http://www.wikidata.org/entity/Q5371319,Tokyo Seikatsusha Network,turquoise
http://www.wikidata.org/entity/Q3753746,Traditionalist Communion,red
http://www.wikidata.org/entity/Q6063982,Traditionalist Conservative Party,blue
http://www.wikidata.org/entity/Q64521954,Tricolour Citizens' Movement,dark blue
http://www.wikidata.org/entity/Q7847503,True People's Party,cornflower blue
http://www.wikidata.org/entity/Q7853488,Tupamaro,scarlet
http://www.wikidata.org/entity/Q7853488,Tupamaro,Q12901869
http://www.wikidata.org/entity/Q2679208,Tzomet,cobalt blue
http://www.wikidata.org/entity/Q7863211,U.S. Labor Party,maroon
http://www.wikidata.org/entity/Q1546314,UDEUR Populars for the South,orange
http://www.wikidata.org/entity/Q2187095,Uganda People's Congress,red
http://www.wikidata.org/entity/Q515003,Ukrainian People's Party,navy blue
http://www.wikidata.org/entity/Q7878502,Ukrainian Republican Party,gold
http://www.wikidata.org/entity/Q7879983,Ulster Liberal Party,goldenrod
http://www.wikidata.org/entity/Q7879995,Ulster Popular Unionist Party,Navajo white
http://www.wikidata.org/entity/Q483365,Unified Progressive Party,Rebecca purple
http://www.wikidata.org/entity/Q862828,Unified Socialist Party,cerise
http://www.wikidata.org/entity/Q7885867,Union Nationale Rwandaise,purple
http://www.wikidata.org/entity/Q827415,Union for French Democracy,robin egg blue
http://www.wikidata.org/entity/Q633163,Union for National Progress,red
http://www.wikidata.org/entity/Q2494873,Union for Trentino,baby blue
http://www.wikidata.org/entity/Q7886481,Union for the Progress of Guinea,light orange
http://www.wikidata.org/entity/Q3567209,Union of Centrists,coral
http://www.wikidata.org/entity/Q639395,Union of Citizens of Georgia,dark blue
http://www.wikidata.org/entity/Q2494775,Union of Forces for Change,Mandarin orange
http://www.wikidata.org/entity/Q20110042,Union of Islamic Iran People Party,sky blue
http://www.wikidata.org/entity/Q7886663,Union of Myanmar Federation of National Politics,white
http://www.wikidata.org/entity/Q7886663,Union of Myanmar Federation of National Politics,lithopone white
http://www.wikidata.org/entity/Q4430517,Union of People for Education and Science,periwinkle
http://www.wikidata.org/entity/Q3565854,Union of the Democratic Centre,coral
http://www.wikidata.org/entity/Q4119039,Union of the Forces of Progress,orange
http://www.wikidata.org/entity/Q169208,Union of the Workers of Slovakia,dark red
http://www.wikidata.org/entity/Q2697988,Unitarian Party,cornflower blue
http://www.wikidata.org/entity/Q889447,United African National Council,olive
http://www.wikidata.org/entity/Q1728956,United Australia Party,dark blue
http://www.wikidata.org/entity/Q7887606,United Citizens Association of Macau,crimson
http://www.wikidata.org/entity/Q174439,United Civic Party of Belarus,firebrick
http://www.wikidata.org/entity/Q284041,United Conservative Party,blue
http://www.wikidata.org/entity/Q34930858,United Conservative Party,blue
http://www.wikidata.org/entity/Q865702,United Cyprus Party,red
http://www.wikidata.org/entity/Q775844,United Democratic Front,yellow
http://www.wikidata.org/entity/Q201478,United Democratic Left,red
http://www.wikidata.org/entity/Q1809323,United Democratic Party,red
http://www.wikidata.org/entity/Q930328,United Democrats,gold
http://www.wikidata.org/entity/Q7888208,United Labour Party,red
http://www.wikidata.org/entity/Q1057495,United National Movement,firebrick
http://www.wikidata.org/entity/Q483770,United New Democratic Party,safety orange
http://www.wikidata.org/entity/Q7889009,United Opposition,blue
http://www.wikidata.org/entity/Q1781632,United Party for National Development,red
http://www.wikidata.org/entity/Q7889045,United People's Party,turquoise
http://www.wikidata.org/entity/Q1559559,United Serbia,maroon
http://www.wikidata.org/entity/Q7889161,United Socialist Party,Alizarin crimson
http://www.wikidata.org/entity/Q15980727,United Socialist Party (Sri Lanka),red
http://www.wikidata.org/entity/Q2453869,United Socialist Workers' Party,red
http://www.wikidata.org/entity/Q7893631,United Wa State Party,red
http://www.wikidata.org/entity/Q1292795,United Workers Party,yellow
http://www.wikidata.org/entity/Q17102341,United in Europe,navy blue
http://www.wikidata.org/entity/Q3534711,Up-Country People's Front,red
http://www.wikidata.org/entity/Q2867024,Uruguay Assembly,dark blue
http://www.wikidata.org/entity/Q3058620,Valencian Left,orange-red
http://www.wikidata.org/entity/Q63108547,Vanchit Bahujan Aghadi,blue
http://www.wikidata.org/entity/Q3366787,Vanuatu Labour Party,indian red
http://www.wikidata.org/entity/Q23023640,Vanuatu National Development Party,red-violet
http://www.wikidata.org/entity/Q6430579,Venezuelan Popular Unity,maroon
http://www.wikidata.org/entity/Q162246,Veritas,Rebecca purple
http://www.wikidata.org/entity/Q3037090,Vertiente Artiguista,gold
http://www.wikidata.org/entity/Q7933496,Viplavakari Lanka Sama Samaja Party,red
http://www.wikidata.org/entity/Q7936159,Vision Inspired by the People,yellow
http://www.wikidata.org/entity/Q18210679,Voice of the People of Tunisia,red
http://www.wikidata.org/entity/Q7980945,Welfare Party of India,white
http://www.wikidata.org/entity/Q7980945,Welfare Party of India,lithopone white
http://www.wikidata.org/entity/Q108700,Whigs,buff
http://www.wikidata.org/entity/Q627173,Worker-communist Party of Iran,red
http://www.wikidata.org/entity/Q3366196,Worker-communist Party of Iran – Hekmatist,red
http://www.wikidata.org/entity/Q4117931,Workers Democratic Party,red
http://www.wikidata.org/entity/Q1332539,Workers Party of Socialist Unity,red
http://www.wikidata.org/entity/Q4051005,Workers Revolutionary Party,blood red
http://www.wikidata.org/entity/Q10446825,Workers and Socialist Party,Rosso corsa
http://www.wikidata.org/entity/Q4118799,Workers and Unemployed Action Group,salmon
http://www.wikidata.org/entity/Q626980,Workers' Communist Party,red
http://www.wikidata.org/entity/Q2663855,Workers' Party,red
http://www.wikidata.org/entity/Q3135956,Workers' Party,red
http://www.wikidata.org/entity/Q627196,Workers' Party,red
http://www.wikidata.org/entity/Q628594,Workers' Party,firebrick
http://www.wikidata.org/entity/Q8034722,Workers' Party,dark red
http://www.wikidata.org/entity/Q49623,Workers' Party of Korea,red
http://www.wikidata.org/entity/Q15980872,Workers' Party of New Zealand (1991),crimson
http://www.wikidata.org/entity/Q1149512,Yemeni Socialist Party,red
http://www.wikidata.org/entity/Q11283498,Česká pravice,gold
